{"cameraMode":{"drawMode":0,"name":"Shaded","section":"Shading Mode"},"sceneLighting":false,"audioPlay":false,"sceneViewState":{"showFog":true,"showMaterialUpdate":false,"showSkybox":false,"showFlares":true,"showImageEffects":true,"showParticleSystems":true},"in2DMode":false,"pivot":{"x":1.2470184564590455,"y":1.6485601663589478,"z":0.4778052568435669},"rotation":{"x":-0.13874422013759614,"y":0.8561789393424988,"z":-0.29786741733551028,"w":-0.39877331256866457},"size":4.126697063446045,"orthographic":false}